-- phpMyAdmin SQL Dump
-- version 4.7.7
-- https://www.phpmyadmin.net/
--
-- Host: localhost:3306
-- Generation Time: May 31, 2018 at 04:55 PM
-- Server version: 5.6.39
-- PHP Version: 5.6.30

SET SQL_MODE = "NO_AUTO_VALUE_ON_ZERO";
SET AUTOCOMMIT = 0;
START TRANSACTION;
SET time_zone = "+00:00";


/*!40101 SET @OLD_CHARACTER_SET_CLIENT=@@CHARACTER_SET_CLIENT */;
/*!40101 SET @OLD_CHARACTER_SET_RESULTS=@@CHARACTER_SET_RESULTS */;
/*!40101 SET @OLD_COLLATION_CONNECTION=@@COLLATION_CONNECTION */;
/*!40101 SET NAMES utf8mb4 */;

--
-- Database: `zustmeet_db`
--

-- --------------------------------------------------------

--
-- Table structure for table `users`
--

CREATE TABLE `users` (
  `user_id` int(11) NOT NULL,
  `zm_profile_id` varchar(255) NOT NULL,
  `user_name` text NOT NULL,
  `user_password` varchar(1000) NOT NULL,
  `user_phone` bigint(20) NOT NULL,
  `user_email` text NOT NULL,
  `user_age` int(11) NOT NULL,
  `user_gender` char(1) NOT NULL,
  `user_address1` text NOT NULL,
  `user_address2` text NOT NULL,
  `date_created` timestamp NOT NULL DEFAULT CURRENT_TIMESTAMP,
  `date_updated` timestamp NOT NULL DEFAULT CURRENT_TIMESTAMP,
  `is_active` tinyint(1) NOT NULL DEFAULT '0',
  `created_from_ip` varchar(1000) NOT NULL,
  `updated_from_ip` varchar(1000) NOT NULL,
  `is_pic_uploaded` tinyint(1) NOT NULL DEFAULT '0',
  `profile_pic_path` text NOT NULL,
  `user_lat` varchar(1000) DEFAULT NULL,
  `user_lang` varchar(1000) DEFAULT NULL,
  `user_formated_address` text NOT NULL,
  `verification_hash` text NOT NULL
) ENGINE=MyISAM DEFAULT CHARSET=latin1;

--
-- Dumping data for table `users`
--

INSERT INTO `users` (`user_id`, `zm_profile_id`, `user_name`, `user_password`, `user_phone`, `user_email`, `user_age`, `user_gender`, `user_address1`, `user_address2`, `date_created`, `date_updated`, `is_active`, `created_from_ip`, `updated_from_ip`, `is_pic_uploaded`, `profile_pic_path`, `user_lat`, `user_lang`, `user_formated_address`, `verification_hash`) VALUES
(5, 'ZM021401122017', 'Kishore', 'bc7546519a0f02925ae3de821f702c89', 98495884006, 'kdintak@gmail.com', 45, 'm', 'test, hyd', 'hyderabad', '2017-12-01 09:21:14', '2017-12-01 09:21:14', 1, '223.230.106.15', '223.230.106.15', 1, 'industry_expert.png', '17.5186369', '78.3962529', 'Pragathi Nagar, Hyderabad, Telangana, India', ''),
(52, 'ZM125709012018', 'your son ashish', 'U2VjZXJldDEyQA==', 997876565, 'donashish2002@gmail.com', 16, 'm', '', '', '2018-01-09 06:48:57', '2018-01-09 06:48:57', 1, '117.98.144.54', '117.98.144.54', 0, '', NULL, NULL, '', '98dce83da57b0395e163467c9dae521b'),
(6, 'ZM102902122017', 'chitra', 'c3VjaGlnbWFpbA==', 8971089999, 'ashishsuchitra@gmail.com', 33, 'f', '', '', '2017-12-02 04:45:29', '2017-12-02 04:45:29', 1, '157.48.22.47', '157.48.22.47', 0, '', NULL, NULL, '', ''),
(7, 'ZM100004122017', 'Haseena', 'cHJhbmFoYTk5NjY=', 9966206808, 'haseenavaduguru@gmail.com', 22, 'f', 'Madhapur', 'Hyderabad', '2017-12-04 05:25:00', '2017-12-04 05:25:00', 1, '183.82.105.171', '183.82.105.171', 1, '', '17.4482929', '78.3914851', 'Madhapur, Hyderabad, Telangana, India', ''),
(8, 'ZM105104122017', 'Sushma', 'MTI0NTU=', 1345788899, 'sushmaitha@gmail.com', 22, 'f', '', '', '2017-12-04 05:27:51', '2017-12-04 05:27:51', 1, '183.82.105.171', '183.82.105.171', 0, '', NULL, NULL, '', ''),
(9, 'ZM114504122017', 'surender', 'Y2hpdHRpMTk4Ng==', 9542796960, 'billa7suri@gmail.com', 29, 'm', 'hyderbad banjarahills', 'hydrabad hitecity', '2017-12-04 05:31:45', '2017-12-04 05:31:45', 1, '183.82.105.171', '183.82.105.171', 1, '', NULL, NULL, '', ''),
(10, 'ZM063905122017', 'Siva', 'c2l2YXJhbmphbmk=', 9966206808, 'sivaranjani.p@caramelit.com', 22, 'f', '', '', '2017-12-05 00:46:39', '2017-12-05 00:46:39', 1, '183.82.105.171', '183.82.105.171', 0, '', NULL, NULL, '', ''),
(11, 'ZM060306122017', 'Susmitha', 'MTIzNA==', 7013182691, 'Susmiveresh16@gmai.com', 23, 'f', '', '', '2017-12-06 01:24:03', '2017-12-06 01:24:03', 1, '157.48.9.34', '157.48.9.34', 0, '', NULL, NULL, '', ''),
(12, 'ZM104913122017', 'fds', 'c3NkZnNkZmFzZg==', 0, 'fdsfs@fds.com', 0, 'm', '', '', '2017-12-13 05:09:49', '2017-12-13 05:09:49', 1, '183.82.105.171', '183.82.105.171', 0, '', NULL, NULL, '', ''),
(13, 'ZM125414122017', 'Sudheer B', 'c3VkaGVlckAyMg==', 919014233669, 'sudheer.babi@gmail.com', 26, 'm', 'Banjarahills', 'Hyderabad', '2017-12-14 07:17:54', '2017-12-14 07:17:54', 1, '183.82.105.171', '183.82.105.171', 1, '', '17.4138277', '78.4397584', 'Banjara Hills, Hyderabad, Telangana, India', ''),
(14, 'ZM124614122017', 'Shubhankar', 'cmVjZXNzODA=', 7020899158, 'shubhanruk@gmail.com', 22, 'm', 'Secret Lake, Hyderabad', 'Mithapelli House, Pune', '2017-12-14 07:18:46', '2017-12-14 07:18:46', 1, '183.82.105.171', '183.82.105.171', 1, 'character-5.jpg', NULL, NULL, '', ''),
(15, 'ZM012214122017', 'Goutham', 'Y2FyYW1lbDEyMw==', 9700626905, 'goutham.s@caramelit.com', 28, 'm', 'Madhapur', 'Hyderabad', '2017-12-14 07:30:22', '2017-12-14 07:30:22', 1, '183.82.105.171', '183.82.105.171', 1, '2-2-man-transparent.png', '17.4482929', '78.3914851', 'Madhapur, Hyderabad, Telangana, India', ''),
(16, 'ZM015714122017', 'dakshayani', 'ZGFrdXJlZGR5', 8374838063, 'dakshayanireddy123@gmail.com', 21, 'f', 'madhapur', 'hitech city', '2017-12-14 07:37:57', '2017-12-14 07:37:57', 1, '183.82.105.171', '183.82.105.171', 1, '', '17.4411228', '78.3914235', 'Hitech City Rd, Megha Hills, Sri Sai Nagar, Madhapur, Hyderabad, Telangana 500081, India', ''),
(17, 'ZM011514122017', 'shubhankar m', 'cmVjZXNzODA=', 123456789, 'shubhankar.m@caramelit.com', 22, 'm', 'hyd', 'hyd', '2017-12-14 07:55:15', '2017-12-14 07:55:15', 1, '183.82.105.171', '183.82.105.171', 1, 'about_caramel.png', NULL, NULL, '', ''),
(18, 'ZM024414122017', 'sushmitha', 'Nzc5OTExNDAyMA==', 9966740475, 'sushmitha.pathipaka@gmail.com', 22, 'f', 'gavicherla', 'warangal', '2017-12-14 09:03:44', '2017-12-14 09:03:44', 1, '183.82.105.171', '183.82.105.171', 1, '', '', '', '', ''),
(19, 'ZM022114122017', 'kalyani', 'OTk4NTg1MTg3NA==', 9985851874, 'kalyanigasi74@gmail.com', 22, 'f', 'piduguralla', 'guntur', '2017-12-14 09:07:21', '2017-12-14 09:07:21', 1, '183.82.105.171', '183.82.105.171', 1, '', '16.4851565', '79.8900552', 'Piduguralla, Andhra Pradesh 522413, India', ''),
(20, 'ZM023314122017', 'Amulya', 'ODkxOTM0MDk5Ng==', 8919340996, 'amulyasai212@gmail.com', 22, 'f', 'hyderabad', 'hitech city', '2017-12-14 09:09:33', '2017-12-14 09:09:33', 1, '183.82.105.171', '183.82.105.171', 1, 'girl1.jpg', '17.6458777', '78.3762304', 'HITEC City, Hyderabad, Telangana 500081, India', ''),
(21, 'ZM032814122017', 'zust meet', 'bW9ua2V5YXNoaXNo', 997876565, 'emirates2787@gmail.com', 16, 'm', '', '', '2017-12-14 09:37:28', '2017-12-14 09:37:28', 1, '117.98.211.238', '117.98.211.238', 1, '', NULL, NULL, '', ''),
(22, 'ZM054415122017', 'Satish', 'NzM5NjkzOTYwOA==', 9133488798, 'Satishkalyani08@gmail.com', 22, 'm', '', '', '2017-12-15 11:56:44', '2017-12-15 11:56:44', 1, '27.6.184.116', '27.6.184.116', 0, '', NULL, NULL, '', ''),
(23, 'ZM045216122017', 'pranay', 'cHJhbmFoYTk5NjY=', 9542725031, 'pranayvarun444@gmail.com', 22, 'm', 'Madhapur', 'Hyderabad', '2017-12-15 23:01:52', '2017-12-15 23:01:52', 1, '183.82.105.171', '183.82.105.171', 1, '', '17.4482929', '78.3914851', 'Madhapur, Hyderabad, Telangana, India', ''),
(24, 'ZM045518122017', 'goutham,', 'ZG9pdDEyMzQ=', 887889999034442, 'goutham.caramel@gmail.com', 24, 'm', 'Hyderabad', 'Telangana.', '2017-12-18 10:35:55', '2017-12-18 10:35:55', 1, '60.243.169.127', '60.243.169.127', 1, '', '', '', '', ''),
(54, 'ZM120123012018', 'test', 'VmVudTEyMyQ=', 1234567890, 'kkcvenu@gmail.com', 30, 'm', 'Hyderabad', 'Telangana', '2018-01-23 06:38:01', '2018-01-23 06:38:01', 1, '183.82.140.126', '183.82.140.126', 1, '', '17.385044', '78.486671', 'Hyderabad, Telangana, India', '5f93f983524def3dca464469d2cf9f3e'),
(25, 'ZM054827122017', 'Srini', 'MTIzNDU2', 9035761122, 'seenu619@gmail.com', 29, 'm', 'Madhapur', 'Hyderabad', '2017-12-27 00:00:48', '2017-12-27 00:00:48', 1, '43.225.21.58', '43.225.21.58', 1, '', '17.4482929', '78.3914851', 'Madhapur, Hyderabad, Telangana, India', ''),
(26, 'ZM075027122017', 'Anusha', 'cHJhbmFoYTk5NjY=', 9966206808, 'anushavaduguru@gmail.com', 21, 'f', '', '', '2017-12-27 01:58:50', '2017-12-27 01:58:50', 1, '183.82.105.171', '183.82.105.171', 0, '', NULL, NULL, '', ''),
(27, 'ZM072327122017', 'Ayesha', 'YXllc2hhMTIz', 9966206808, 'ayesha123@gmail.com', 21, 'f', '', '', '2017-12-27 02:02:23', '2017-12-27 02:02:23', 1, '183.82.105.171', '183.82.105.171', 0, '', NULL, NULL, '', ''),
(28, 'ZM072127122017', 'Sireesha', 'c2lyZWVzaGExMjM=', 9966206808, 'sireesha123@gmail.com', 21, 'f', '', '', '2017-12-27 02:05:21', '2017-12-27 02:05:21', 1, '183.82.105.171', '183.82.105.171', 0, '', NULL, NULL, '', ''),
(29, 'ZM075027122017', 'Mounika', 'bW91bmlrYTEyMw==', 9966206808, 'mounika123@gmail.com', 21, 'f', '', '', '2017-12-27 02:06:50', '2017-12-27 02:06:50', 1, '183.82.105.171', '183.82.105.171', 0, '', NULL, NULL, '', ''),
(30, 'ZM070527122017', 'Reshma', 'cmVzaG1hMTIz', 9966206808, 'reshma123@gmail.com', 21, 'f', '', '', '2017-12-27 02:08:05', '2017-12-27 02:08:05', 1, '183.82.105.171', '183.82.105.171', 0, '', NULL, NULL, '', ''),
(31, 'ZM073927122017', 'prathima', 'cHJhdGhpbWE5OTY2', 9966206808, 'prathimareddy9966@gmail.com', 21, 'f', '', '', '2017-12-27 02:18:39', '2017-12-27 02:18:39', 1, '183.82.105.171', '183.82.105.171', 0, '', NULL, NULL, '', ''),
(32, 'ZM073827122017', 'keerthi', 'a2VlcnRoaTk5NjY=', 9966206808, 'keerthi12reddy9966@gmail.com', 21, 'f', '', '', '2017-12-27 02:27:38', '2017-12-27 02:27:38', 1, '183.82.105.171', '183.82.105.171', 0, '', NULL, NULL, '', ''),
(33, 'ZM084127122017', 'srija', 'c3JpamE5OTY2', 9966206808, 'srijavelluri123@gmail.com', 21, 'f', '', '', '2017-12-27 02:35:41', '2017-12-27 02:35:41', 1, '183.82.105.171', '183.82.105.171', 0, '', NULL, NULL, '', ''),
(34, 'ZM080427122017', 'lakshmi', 'bGFrc2htaTk5NjY=', 9966206808, 'lakshmi12priya34@gmail.com', 21, 'f', '', '', '2017-12-27 02:48:04', '2017-12-27 02:48:04', 1, '183.82.105.171', '183.82.105.171', 0, '', NULL, NULL, '', ''),
(35, 'ZM084027122017', 'lakshmi', 'bGFrc2htaXByaXlhMTIz', 9966206808, 'lakshmi12priyanka34@gmail.com', 21, 'f', '', '', '2017-12-27 02:53:40', '2017-12-27 02:53:40', 1, '183.82.105.171', '183.82.105.171', 0, '', NULL, NULL, '', ''),
(36, 'ZM082927122017', 'rakesh', 'cmFrZXNocmVkZHkxMjM0', 9966206808, 'rakesh12reddy34@gmail.com', 22, 'm', '', '', '2017-12-27 02:59:29', '2017-12-27 02:59:29', 1, '183.82.105.171', '183.82.105.171', 0, '', NULL, NULL, '', ''),
(37, 'ZM084327122017', 'kumara', 'a3VtYXJhc3dhbXkxMjM0', 9966206808, 'kumara12swamy34@gmail.com', 22, 'm', 'Madhapur', 'Hyderabad', '2017-12-27 03:03:43', '2017-12-27 03:03:43', 1, '183.82.105.171', '183.82.105.171', 1, '1.png', '', '', '', ''),
(38, 'ZM082527122017', 'siddhu', 'c2lkZGh1dmFybWE0NTY3', 9966206808, 'siddhuvarma4567@gmail.com', 22, 'm', '', '', '2017-12-27 03:13:25', '2017-12-27 03:13:25', 1, '183.82.105.171', '183.82.105.171', 0, '', NULL, NULL, '', ''),
(39, 'ZM090227122017', 'siddhu', 'c2lkZGh1dmFybWE0NTY3', 9966206808, 'siddhuvarma1234@gmail.com', 21, 'm', '', '', '2017-12-27 03:44:02', '2017-12-27 03:44:02', 1, '183.82.105.171', '183.82.105.171', 0, '', NULL, NULL, '', ''),
(40, 'ZM090527122017', 'saivarun', 'c2FpdmFydW4xMjM0', 9966206808, 'saivarun4567@gmail.com', 21, 'm', '', '', '2017-12-27 03:50:05', '2017-12-27 03:50:05', 1, '183.82.105.171', '183.82.105.171', 0, '', NULL, NULL, '', ''),
(41, 'ZM090727122017', 'preethi', 'cHJlZXRoaXZhcm1hMTIzNA==', 9966206808, 'preethivarma456@gmail.com', 22, 'f', '', '', '2017-12-27 03:57:07', '2017-12-27 03:57:07', 1, '183.82.105.171', '183.82.105.171', 0, '', NULL, NULL, '', ''),
(42, 'ZM091427122017', 'Sireesha', 'c2lyZWVzaGF2YXJtYXJlZGR5', 9966206808, 'sireeshavarma123@gmail.com', 28, 'f', '', '', '2017-12-27 04:04:14', '2017-12-27 04:04:14', 1, '183.82.105.171', '183.82.105.171', 0, '', NULL, NULL, '', ''),
(43, 'ZM110727122017', 'sruthi', 'c3J1dGhpc3JlZTEyMzQ=', 9966206808, 'sruthisree9966@gmail.com', 22, 'f', '', '', '2017-12-27 05:54:07', '2017-12-27 05:54:07', 1, '183.82.105.171', '183.82.105.171', 0, '', NULL, NULL, '', ''),
(51, 'ZM073929122017', 'Kalyana Krishna', 'dGVzdA==', 9989966668, 'kkrishnakondapalli@gmail.com', 30, 'm', 'hyderabad', 'Pragthingar', '2017-12-29 02:08:39', '2017-12-29 02:08:39', 1, '183.82.108.75', '183.82.108.75', 1, '', '17.5186369', '78.3962529', 'Pragathi Nagar, Hyderabad, Telangana, India', '82cec96096d4281b7c95cd7e74623496'),
(53, 'ZM123009012018', 'your son ashish', 'QFNlY2VyZXQxMg==', 997876565, 'donashish9676@gmail.com', 16, 'm', '', '', '2018-01-09 06:49:30', '2018-01-09 06:49:30', 0, '117.98.144.54', '117.98.144.54', 0, '', NULL, NULL, '', '7250eb93b3c18cc9daa29cf58af7a004'),
(55, 'ZM013126022018', 'Aravind Kumar', 'QXJhdmluZEA1Nw==', 8885610005, 'aravind4u57@gmail.con', 21, 'm', '', '', '2018-02-26 08:17:31', '2018-02-26 08:17:31', 0, '27.59.175.228', '27.59.175.228', 0, '', NULL, NULL, '', '3e89ebdb49f712c7d90d1b39e348bbbf'),
(56, 'ZM105016032018', 'Rajesh ', 'MTI2ODlAUkFqZQ==', 6281253202, 'ilove8616@gmail.com', 24, 'm', '', '', '2018-03-16 04:30:50', '2018-03-16 04:30:50', 0, '183.83.91.20', '183.83.91.20', 0, '', NULL, NULL, '', '9b72e31dac81715466cd580a448cf823');

-- --------------------------------------------------------

--
-- Table structure for table `user_appoinments`
--

CREATE TABLE `user_appoinments` (
  `user_appoinment_id` int(11) NOT NULL,
  `from_user_id` int(11) NOT NULL,
  `to_user_id` int(11) NOT NULL,
  `appointment_purpose` varchar(255) NOT NULL,
  `venue_address` text NOT NULL,
  `date_appointment` varchar(2000) NOT NULL,
  `time_appointment` varchar(255) NOT NULL,
  `appointment_status` varchar(255) NOT NULL DEFAULT 'Requested',
  `date_added` timestamp NOT NULL DEFAULT CURRENT_TIMESTAMP,
  `date_updated` timestamp NOT NULL DEFAULT CURRENT_TIMESTAMP,
  `address_lat` varchar(255) DEFAULT NULL,
  `address_lang` varchar(255) DEFAULT NULL
) ENGINE=MyISAM DEFAULT CHARSET=latin1;

--
-- Dumping data for table `user_appoinments`
--

INSERT INTO `user_appoinments` (`user_appoinment_id`, `from_user_id`, `to_user_id`, `appointment_purpose`, `venue_address`, `date_appointment`, `time_appointment`, `appointment_status`, `date_added`, `date_updated`, `address_lat`, `address_lang`) VALUES
(1, 4, 15, 'pub', 'More Megastore Complex, SBR Pride, Nizampet X Road,, Jai Bharat Nagar, Nagarjuna Homes, Kukatpally, Hyderabad, Telangana 500072, India', '2017-12-28', '20:20', 'Requested', '2017-12-27 02:59:27', '2017-12-27 02:59:27', 'undefined', 'undefined'),
(2, 4, 15, 'video_call', 'Bharath Mall, Opp. K.S.R.T.C, Bejai, Lalbagh, Mangaluru, Karnataka 575004, India', '2017-12-28', '20:20', 'Requested', '2017-12-27 03:00:01', '2017-12-27 03:00:01', 'undefined', 'undefined'),
(3, 25, 18, 'a_cup_of_coffee', 'Bengaluru, Karnataka, India', '2017-12-30', '', 'Requested', '2017-12-27 19:57:17', '2017-12-27 19:57:17', 'undefined', 'undefined'),
(4, 7, 7, 'dinner_or_lunch', '', '', '', 'Requested', '2017-12-29 00:39:56', '2017-12-29 00:39:56', '', ''),
(5, 7, 7, 'dinner_or_lunch', 'Oslo, Norway', '2017-12-05', '', 'Requested', '2017-12-29 00:54:30', '2017-12-29 00:54:30', 'undefined', 'undefined'),
(6, 7, 7, 'dinner_or_lunch', 'Oslo, Norway', '2017-12-05', '', 'Requested', '2017-12-29 00:54:31', '2017-12-29 00:54:31', 'undefined', 'undefined'),
(7, 7, 7, 'dinner_or_lunch', 'Oslo, Norway', '2017-12-05', '', 'Requested', '2017-12-29 00:54:31', '2017-12-29 00:54:31', 'undefined', 'undefined'),
(8, 7, 7, 'dinner_or_lunch', 'Oslo, Norway', '2017-12-05', '', 'Requested', '2017-12-29 00:54:32', '2017-12-29 00:54:32', 'undefined', 'undefined'),
(9, 24, 7, 'a_cup_of_coffee', '', '2018-01-18', '', 'Requested', '2018-01-02 01:59:34', '2018-01-02 01:59:34', '', ''),
(10, 24, 7, 'a_cup_of_coffee', 'Fasdon Ct, Mississauga, ON L5V 1Y8, Canada', '2018-01-18', '', 'Requested', '2018-01-02 01:59:39', '2018-01-02 01:59:39', 'undefined', 'undefined'),
(11, 24, 7, 'a_cup_of_coffee', 'Fasdon Ct, Mississauga, ON L5V 1Y8, Canada', '2018-01-18', '', 'Requested', '2018-01-02 01:59:44', '2018-01-02 01:59:44', 'undefined', 'undefined'),
(12, 24, 7, 'a_cup_of_coffee', 'Fasdon Ct, Mississauga, ON L5V 1Y8, Canada', '2018-01-18', '', 'Requested', '2018-01-02 01:59:58', '2018-01-02 01:59:58', 'undefined', 'undefined'),
(13, 24, 7, 'a_cup_of_coffee', 'Dubai - United Arab Emirates', '2018-01-18', '', 'Requested', '2018-01-02 02:00:11', '2018-01-02 02:00:11', 'undefined', 'undefined'),
(14, 18, 18, 'a_cup_of_coffee', '', '', '', 'Requested', '2018-01-09 04:34:34', '2018-01-09 04:34:34', '', ''),
(15, 18, 18, 'a_cup_of_coffee', '', '', '', 'Requested', '2018-01-09 04:34:44', '2018-01-09 04:34:44', '', ''),
(16, 18, 18, 'a_cup_of_coffee', '', '', '', 'Requested', '2018-01-09 04:34:44', '2018-01-09 04:34:44', '', ''),
(17, 18, 18, 'a_cup_of_coffee', '', '', '', 'Requested', '2018-01-09 04:34:46', '2018-01-09 04:34:46', '', ''),
(18, 18, 18, 'a_cup_of_coffee', '', '', '', 'Requested', '2018-01-09 04:34:47', '2018-01-09 04:34:47', '', ''),
(19, 18, 18, 'watch_movie', '', '', '', 'Requested', '2018-01-09 04:34:55', '2018-01-09 04:34:55', '', ''),
(20, 18, 18, 'watch_movie', '', '', '', 'Requested', '2018-01-09 04:34:56', '2018-01-09 04:34:56', '', ''),
(21, 24, 5, 'chat', 'Madhapur, Hyderabad, Telangana, India', '2018-01-16', '', 'Requested', '2018-01-16 07:25:18', '2018-01-16 07:25:18', 'undefined', 'undefined'),
(22, 54, 25, 'long_drive', '', '2018-01-25', '', 'Requested', '2018-01-24 01:32:16', '2018-01-24 01:32:16', '', ''),
(23, 54, 7, 'pub', '', '', '', 'Requested', '2018-01-24 06:42:34', '2018-01-24 06:42:34', '', ''),
(24, 54, 7, 'chat', '', '', '', 'Requested', '2018-01-29 02:33:38', '2018-01-29 02:33:38', '', '');

-- --------------------------------------------------------

--
-- Table structure for table `user_intrests`
--

CREATE TABLE `user_intrests` (
  `user_intrest_id` int(11) NOT NULL,
  `user_id` int(11) NOT NULL,
  `user_intrest` varchar(255) NOT NULL,
  `date_added` timestamp NOT NULL DEFAULT CURRENT_TIMESTAMP,
  `date_updated` timestamp NOT NULL DEFAULT CURRENT_TIMESTAMP,
  `is_active` tinyint(1) NOT NULL DEFAULT '1'
) ENGINE=MyISAM DEFAULT CHARSET=latin1;

--
-- Dumping data for table `user_intrests`
--

INSERT INTO `user_intrests` (`user_intrest_id`, `user_id`, `user_intrest`, `date_added`, `date_updated`, `is_active`) VALUES
(44, 9, 'a_cup_of_coffee', '2017-12-04 11:04:05', '2017-12-04 11:04:05', 1),
(43, 4, 'pub', '2017-12-04 10:48:59', '2017-12-04 10:48:59', 0),
(42, 4, 'watch_movie', '2017-12-04 10:48:59', '2017-12-04 10:48:59', 0),
(45, 4, 'watch_movie', '2017-12-05 06:42:07', '2017-12-05 06:42:07', 0),
(46, 4, 'dinner_or_lunch', '2017-12-05 06:42:07', '2017-12-05 06:42:07', 0),
(47, 4, 'a_cup_of_coffee', '2017-12-05 06:52:00', '2017-12-05 06:52:00', 0),
(48, 4, 'watch_movie', '2017-12-05 06:52:00', '2017-12-05 06:52:00', 0),
(49, 4, 'dinner_or_lunch', '2017-12-05 06:52:00', '2017-12-05 06:52:00', 0),
(50, 4, 'a_cup_of_coffee', '2017-12-05 07:04:12', '2017-12-05 07:04:12', 0),
(51, 4, 'long_drive', '2017-12-05 07:04:12', '2017-12-05 07:04:12', 0),
(52, 4, 'dinner_or_lunch', '2017-12-05 07:04:12', '2017-12-05 07:04:12', 0),
(53, 5, 'a_cup_of_coffee', '2017-12-13 06:41:01', '2017-12-13 06:41:01', 0),
(54, 5, 'watch_movie', '2017-12-13 06:41:01', '2017-12-13 06:41:01', 0),
(55, 5, 'pub', '2017-12-13 06:41:01', '2017-12-13 06:41:01', 0),
(56, 5, 'watch_movie', '2017-12-13 06:45:08', '2017-12-13 06:45:08', 0),
(57, 5, 'pub', '2017-12-13 06:45:08', '2017-12-13 06:45:08', 0),
(58, 5, 'a_cup_of_coffee', '2017-12-13 06:45:30', '2017-12-13 06:45:30', 1),
(59, 4, 'watch_movie', '2017-12-13 07:51:04', '2017-12-13 07:51:04', 0),
(60, 4, 'dinner_or_lunch', '2017-12-13 07:51:04', '2017-12-13 07:51:04', 0),
(61, 4, 'a_cup_of_coffee', '2017-12-13 08:14:14', '2017-12-13 08:14:14', 1),
(62, 4, 'pub', '2017-12-13 08:14:14', '2017-12-13 08:14:14', 1),
(63, 4, 'long_drive', '2017-12-13 08:14:14', '2017-12-13 08:14:14', 1),
(64, 4, 'dinner_or_lunch', '2017-12-13 08:14:14', '2017-12-13 08:14:14', 1),
(65, 13, 'a_cup_of_coffee', '2017-12-14 12:53:55', '2017-12-14 12:53:55', 0),
(66, 13, 'watch_movie', '2017-12-14 12:53:55', '2017-12-14 12:53:55', 0),
(67, 13, 'pub', '2017-12-14 12:53:55', '2017-12-14 12:53:55', 0),
(68, 13, 'long_drive', '2017-12-14 12:53:55', '2017-12-14 12:53:55', 0),
(69, 13, 'dinner_or_lunch', '2017-12-14 12:53:55', '2017-12-14 12:53:55', 0),
(70, 13, 'events', '2017-12-14 12:53:55', '2017-12-14 12:53:55', 0),
(71, 13, 'a_cup_of_coffee', '2017-12-14 12:54:55', '2017-12-14 12:54:55', 1),
(72, 13, 'watch_movie', '2017-12-14 12:54:55', '2017-12-14 12:54:55', 1),
(73, 13, 'pub', '2017-12-14 12:54:55', '2017-12-14 12:54:55', 1),
(74, 13, 'long_drive', '2017-12-14 12:54:55', '2017-12-14 12:54:55', 1),
(75, 13, 'dinner_or_lunch', '2017-12-14 12:54:55', '2017-12-14 12:54:55', 1),
(76, 13, 'events', '2017-12-14 12:54:55', '2017-12-14 12:54:55', 1),
(77, 15, 'a_cup_of_coffee', '2017-12-14 13:02:24', '2017-12-14 13:02:24', 1),
(78, 15, 'watch_movie', '2017-12-14 13:02:24', '2017-12-14 13:02:24', 1),
(79, 15, 'pub', '2017-12-14 13:02:24', '2017-12-14 13:02:24', 1),
(80, 15, 'long_drive', '2017-12-14 13:02:24', '2017-12-14 13:02:24', 1),
(81, 15, 'dinner_or_lunch', '2017-12-14 13:02:24', '2017-12-14 13:02:24', 1),
(82, 15, 'events', '2017-12-14 13:02:24', '2017-12-14 13:02:24', 1),
(83, 16, 'a_cup_of_coffee', '2017-12-14 13:11:46', '2017-12-14 13:11:46', 0),
(84, 16, 'a_cup_of_coffee', '2017-12-14 13:12:18', '2017-12-14 13:12:18', 0),
(85, 16, 'a_cup_of_coffee', '2017-12-14 13:12:34', '2017-12-14 13:12:34', 0),
(86, 16, 'a_cup_of_coffee', '2017-12-14 13:12:36', '2017-12-14 13:12:36', 0),
(87, 16, 'a_cup_of_coffee', '2017-12-14 13:13:36', '2017-12-14 13:13:36', 0),
(88, 16, 'a_cup_of_coffee', '2017-12-14 13:13:36', '2017-12-14 13:13:36', 0),
(89, 16, 'a_cup_of_coffee', '2017-12-14 13:14:08', '2017-12-14 13:14:08', 0),
(90, 16, 'a_cup_of_coffee', '2017-12-14 13:15:08', '2017-12-14 13:15:08', 0),
(91, 16, 'a_cup_of_coffee', '2017-12-14 13:16:08', '2017-12-14 13:16:08', 0),
(92, 16, 'a_cup_of_coffee', '2017-12-14 13:17:08', '2017-12-14 13:17:08', 0),
(93, 16, 'a_cup_of_coffee', '2017-12-14 13:17:24', '2017-12-14 13:17:24', 0),
(94, 16, 'a_cup_of_coffee', '2017-12-14 13:18:25', '2017-12-14 13:18:25', 0),
(95, 16, 'a_cup_of_coffee', '2017-12-14 13:18:26', '2017-12-14 13:18:26', 0),
(96, 16, 'a_cup_of_coffee', '2017-12-14 13:18:58', '2017-12-14 13:18:58', 0),
(97, 16, 'a_cup_of_coffee', '2017-12-14 13:19:58', '2017-12-14 13:19:58', 0),
(98, 16, 'a_cup_of_coffee', '2017-12-14 13:20:30', '2017-12-14 13:20:30', 0),
(99, 16, 'a_cup_of_coffee', '2017-12-14 13:21:30', '2017-12-14 13:21:30', 0),
(100, 16, 'a_cup_of_coffee', '2017-12-14 13:21:32', '2017-12-14 13:21:32', 0),
(101, 16, 'a_cup_of_coffee', '2017-12-14 13:21:47', '2017-12-14 13:21:47', 0),
(102, 16, 'a_cup_of_coffee', '2017-12-14 13:22:47', '2017-12-14 13:22:47', 0),
(103, 16, 'a_cup_of_coffee', '2017-12-14 13:23:47', '2017-12-14 13:23:47', 0),
(104, 16, '', '2017-12-14 13:24:03', '2017-12-14 13:24:03', 0),
(105, 16, 'a_cup_of_coffee', '2017-12-14 13:25:03', '2017-12-14 13:25:03', 0),
(106, 16, 'a_cup_of_coffee', '2017-12-14 13:26:03', '2017-12-14 13:26:03', 0),
(107, 16, '', '2017-12-14 13:27:03', '2017-12-14 13:27:03', 0),
(108, 16, 'a_cup_of_coffee', '2017-12-14 13:28:03', '2017-12-14 13:28:03', 0),
(109, 16, 'a_cup_of_coffee', '2017-12-14 13:29:03', '2017-12-14 13:29:03', 0),
(110, 16, '', '2017-12-14 13:30:03', '2017-12-14 13:30:03', 0),
(111, 16, 'a_cup_of_coffee', '2017-12-14 13:30:35', '2017-12-14 13:30:35', 0),
(112, 16, '', '2017-12-14 13:31:07', '2017-12-14 13:31:07', 0),
(113, 16, '', '2017-12-14 13:31:22', '2017-12-14 13:31:22', 0),
(114, 16, '', '2017-12-14 13:31:37', '2017-12-14 13:31:37', 0),
(115, 16, 'a_cup_of_coffee', '2017-12-14 13:31:40', '2017-12-14 13:31:40', 0),
(116, 16, 'a_cup_of_coffee', '2017-12-14 13:31:43', '2017-12-14 13:31:43', 0),
(117, 16, '', '2017-12-14 13:31:59', '2017-12-14 13:31:59', 0),
(118, 16, 'a_cup_of_coffee', '2017-12-14 13:32:14', '2017-12-14 13:32:14', 0),
(119, 16, '', '2017-12-14 13:32:17', '2017-12-14 13:32:17', 0),
(120, 16, '', '2017-12-14 13:33:17', '2017-12-14 13:33:17', 0),
(121, 16, 'a_cup_of_coffee', '2017-12-14 13:33:17', '2017-12-14 13:33:17', 0),
(122, 16, 'a_cup_of_coffee', '2017-12-14 13:33:49', '2017-12-14 13:33:49', 0),
(123, 16, 'a_cup_of_coffee', '2017-12-14 13:34:49', '2017-12-14 13:34:49', 0),
(124, 16, '', '2017-12-14 13:34:51', '2017-12-14 13:34:51', 0),
(125, 16, 'a_cup_of_coffee', '2017-12-14 13:35:51', '2017-12-14 13:35:51', 0),
(126, 16, '', '2017-12-14 13:36:51', '2017-12-14 13:36:51', 0),
(127, 16, '', '2017-12-14 13:37:51', '2017-12-14 13:37:51', 0),
(128, 16, 'a_cup_of_coffee', '2017-12-14 13:37:52', '2017-12-14 13:37:52', 0),
(129, 16, '', '2017-12-14 13:38:08', '2017-12-14 13:38:08', 0),
(130, 16, '', '2017-12-14 13:39:08', '2017-12-14 13:39:08', 0),
(131, 16, '', '2017-12-14 13:40:08', '2017-12-14 13:40:08', 0),
(132, 16, '', '2017-12-14 13:41:08', '2017-12-14 13:41:08', 0),
(133, 16, '', '2017-12-14 13:42:08', '2017-12-14 13:42:08', 0),
(134, 16, '', '2017-12-14 13:42:09', '2017-12-14 13:42:09', 0),
(135, 16, 'a_cup_of_coffee', '2017-12-14 13:42:12', '2017-12-14 13:42:12', 0),
(136, 16, 'a_cup_of_coffee', '2017-12-14 13:42:15', '2017-12-14 13:42:15', 0),
(137, 16, '', '2017-12-14 13:43:15', '2017-12-14 13:43:15', 0),
(138, 16, 'a_cup_of_coffee', '2017-12-14 13:43:23', '2017-12-14 13:43:23', 0),
(139, 16, 'a_cup_of_coffee', '2017-12-14 13:43:26', '2017-12-14 13:43:26', 0),
(140, 16, 'a_cup_of_coffee', '2017-12-14 13:44:26', '2017-12-14 13:44:26', 0),
(141, 16, '', '2017-12-14 13:44:27', '2017-12-14 13:44:27', 0),
(142, 16, 'a_cup_of_coffee', '2017-12-14 13:45:27', '2017-12-14 13:45:27', 0),
(143, 16, 'a_cup_of_coffee', '2017-12-14 13:46:27', '2017-12-14 13:46:27', 0),
(144, 16, '', '2017-12-14 13:46:43', '2017-12-14 13:46:43', 0),
(145, 16, '', '2017-12-14 13:47:43', '2017-12-14 13:47:43', 0),
(146, 16, 'a_cup_of_coffee', '2017-12-14 13:47:58', '2017-12-14 13:47:58', 0),
(147, 16, 'a_cup_of_coffee', '2017-12-14 13:48:14', '2017-12-14 13:48:14', 0),
(148, 16, 'a_cup_of_coffee', '2017-12-14 13:48:30', '2017-12-14 13:48:30', 0),
(149, 16, '', '2017-12-14 13:48:45', '2017-12-14 13:48:45', 0),
(150, 16, 'a_cup_of_coffee', '2017-12-14 13:49:01', '2017-12-14 13:49:01', 0),
(151, 16, 'a_cup_of_coffee', '2017-12-14 13:49:10', '2017-12-14 13:49:10', 0),
(152, 16, '', '2017-12-14 13:49:25', '2017-12-14 13:49:25', 0),
(153, 16, '', '2017-12-14 13:49:29', '2017-12-14 13:49:29', 0),
(154, 16, 'a_cup_of_coffee', '2017-12-14 13:49:44', '2017-12-14 13:49:44', 0),
(155, 16, '', '2017-12-14 13:50:00', '2017-12-14 13:50:00', 0),
(156, 16, '', '2017-12-14 13:50:15', '2017-12-14 13:50:15', 0),
(157, 16, 'a_cup_of_coffee', '2017-12-14 13:50:30', '2017-12-14 13:50:30', 0),
(158, 16, '', '2017-12-14 13:50:46', '2017-12-14 13:50:46', 0),
(159, 16, '', '2017-12-14 13:51:46', '2017-12-14 13:51:46', 0),
(160, 16, '', '2017-12-14 13:52:47', '2017-12-14 13:52:47', 0),
(161, 16, '', '2017-12-14 13:52:54', '2017-12-14 13:52:54', 0),
(162, 16, '', '2017-12-14 13:53:54', '2017-12-14 13:53:54', 0),
(163, 16, '', '2017-12-14 13:53:54', '2017-12-14 13:53:54', 0),
(164, 16, 'a_cup_of_coffee', '2017-12-14 13:54:10', '2017-12-14 13:54:10', 0),
(165, 16, '', '2017-12-14 13:54:26', '2017-12-14 13:54:26', 0),
(166, 16, '', '2017-12-14 13:54:41', '2017-12-14 13:54:41', 0),
(167, 16, '', '2017-12-14 13:54:44', '2017-12-14 13:54:44', 0),
(168, 16, '', '2017-12-14 13:55:00', '2017-12-14 13:55:00', 0),
(169, 16, 'a_cup_of_coffee', '2017-12-14 13:55:03', '2017-12-14 13:55:03', 0),
(170, 16, '', '2017-12-14 13:55:18', '2017-12-14 13:55:18', 0),
(171, 16, '', '2017-12-14 13:55:21', '2017-12-14 13:55:21', 0),
(172, 16, '', '2017-12-14 13:55:24', '2017-12-14 13:55:24', 0),
(173, 16, 'a_cup_of_coffee', '2017-12-14 13:55:27', '2017-12-14 13:55:27', 0),
(174, 14, 'a_cup_of_coffee', '2017-12-14 13:57:13', '2017-12-14 13:57:13', 1),
(175, 14, 'pub', '2017-12-14 13:57:13', '2017-12-14 13:57:13', 1),
(176, 14, 'long_drive', '2017-12-14 13:57:13', '2017-12-14 13:57:13', 1),
(177, 14, 'dinner_or_lunch', '2017-12-14 13:57:13', '2017-12-14 13:57:13', 1),
(178, 14, 'events', '2017-12-14 13:57:13', '2017-12-14 13:57:13', 1),
(179, 18, 'a_cup_of_coffee', '2017-12-14 14:35:37', '2017-12-14 14:35:37', 0),
(180, 18, 'watch_movie', '2017-12-14 14:35:37', '2017-12-14 14:35:37', 0),
(181, 19, 'a_cup_of_coffee', '2017-12-14 14:38:12', '2017-12-14 14:38:12', 0),
(182, 19, 'watch_movie', '2017-12-14 14:38:12', '2017-12-14 14:38:12', 0),
(183, 20, 'a_cup_of_coffee', '2017-12-14 14:41:10', '2017-12-14 14:41:10', 1),
(184, 20, 'watch_movie', '2017-12-14 14:41:10', '2017-12-14 14:41:10', 1),
(185, 21, 'long_drive', '2017-12-14 15:09:04', '2017-12-14 15:09:04', 0),
(186, 21, 'dinner_or_lunch', '2017-12-14 15:09:04', '2017-12-14 15:09:04', 0),
(187, 21, 'long_drive', '2017-12-14 15:10:04', '2017-12-14 15:10:04', 0),
(188, 21, 'dinner_or_lunch', '2017-12-14 15:10:04', '2017-12-14 15:10:04', 0),
(189, 21, 'long_drive', '2017-12-14 15:10:06', '2017-12-14 15:10:06', 0),
(190, 21, 'dinner_or_lunch', '2017-12-14 15:10:06', '2017-12-14 15:10:06', 0),
(191, 21, 'long_drive', '2017-12-14 15:11:06', '2017-12-14 15:11:06', 0),
(192, 21, 'dinner_or_lunch', '2017-12-14 15:11:06', '2017-12-14 15:11:06', 0),
(193, 21, '', '2017-12-14 15:12:06', '2017-12-14 15:12:06', 1),
(194, 18, 'a_cup_of_coffee', '2017-12-14 15:16:54', '2017-12-14 15:16:54', 0),
(195, 18, 'watch_movie', '2017-12-14 15:16:54', '2017-12-14 15:16:54', 0),
(196, 19, 'pub', '2017-12-14 15:22:41', '2017-12-14 15:22:41', 0),
(197, 19, 'long_drive', '2017-12-14 15:22:41', '2017-12-14 15:22:41', 0),
(198, 19, 'pub', '2017-12-14 15:23:41', '2017-12-14 15:23:41', 0),
(199, 19, 'long_drive', '2017-12-14 15:23:41', '2017-12-14 15:23:41', 0),
(200, 19, 'pub', '2017-12-14 15:23:44', '2017-12-14 15:23:44', 0),
(201, 19, 'long_drive', '2017-12-14 15:23:44', '2017-12-14 15:23:44', 0),
(202, 19, 'pub', '2017-12-14 15:24:44', '2017-12-14 15:24:44', 0),
(203, 19, 'long_drive', '2017-12-14 15:24:44', '2017-12-14 15:24:44', 0),
(204, 19, 'pub', '2017-12-14 15:25:44', '2017-12-14 15:25:44', 0),
(205, 19, 'long_drive', '2017-12-14 15:25:44', '2017-12-14 15:25:44', 0),
(206, 19, 'pub', '2017-12-14 15:25:44', '2017-12-14 15:25:44', 0),
(207, 19, 'long_drive', '2017-12-14 15:25:44', '2017-12-14 15:25:44', 0),
(208, 19, 'pub', '2017-12-14 15:25:48', '2017-12-14 15:25:48', 0),
(209, 19, 'long_drive', '2017-12-14 15:25:48', '2017-12-14 15:25:48', 0),
(210, 19, 'pub', '2017-12-14 15:26:48', '2017-12-14 15:26:48', 0),
(211, 19, 'long_drive', '2017-12-14 15:26:48', '2017-12-14 15:26:48', 0),
(212, 19, 'pub', '2017-12-14 15:27:21', '2017-12-14 15:27:21', 0),
(213, 19, 'long_drive', '2017-12-14 15:27:21', '2017-12-14 15:27:21', 0),
(214, 19, 'pub', '2017-12-14 15:27:24', '2017-12-14 15:27:24', 0),
(215, 19, 'long_drive', '2017-12-14 15:27:24', '2017-12-14 15:27:24', 0),
(216, 19, 'pub', '2017-12-14 15:27:27', '2017-12-14 15:27:27', 0),
(217, 19, 'long_drive', '2017-12-14 15:27:27', '2017-12-14 15:27:27', 0),
(218, 19, 'pub', '2017-12-14 15:28:27', '2017-12-14 15:28:27', 0),
(219, 19, 'long_drive', '2017-12-14 15:28:27', '2017-12-14 15:28:27', 0),
(220, 19, 'pub', '2017-12-14 15:28:29', '2017-12-14 15:28:29', 0),
(221, 19, 'long_drive', '2017-12-14 15:28:29', '2017-12-14 15:28:29', 0),
(222, 19, 'pub', '2017-12-14 15:28:44', '2017-12-14 15:28:44', 0),
(223, 19, 'long_drive', '2017-12-14 15:28:44', '2017-12-14 15:28:44', 0),
(224, 19, '', '2017-12-14 15:29:44', '2017-12-14 15:29:44', 0),
(225, 19, '', '2017-12-14 15:30:15', '2017-12-14 15:30:15', 0),
(226, 17, 'a_cup_of_coffee', '2017-12-14 15:55:48', '2017-12-14 15:55:48', 0),
(227, 17, 'long_drive', '2017-12-14 15:55:48', '2017-12-14 15:55:48', 0),
(228, 17, 'dinner_or_lunch', '2017-12-14 15:55:48', '2017-12-14 15:55:48', 0),
(229, 17, 'events', '2017-12-14 15:55:48', '2017-12-14 15:55:48', 0),
(230, 17, 'a_cup_of_coffee', '2017-12-14 15:55:55', '2017-12-14 15:55:55', 1),
(231, 17, 'long_drive', '2017-12-14 15:55:55', '2017-12-14 15:55:55', 1),
(232, 17, 'dinner_or_lunch', '2017-12-14 15:55:55', '2017-12-14 15:55:55', 1),
(233, 17, 'events', '2017-12-14 15:55:55', '2017-12-14 15:55:55', 1),
(234, 7, 'a_cup_of_coffee', '2017-12-14 17:17:10', '2017-12-14 17:17:10', 0),
(235, 7, 'watch_movie', '2017-12-14 17:17:10', '2017-12-14 17:17:10', 0),
(236, 23, 'a_cup_of_coffee', '2017-12-16 04:33:45', '2017-12-16 04:33:45', 0),
(237, 23, 'a_cup_of_coffee', '2017-12-16 04:34:46', '2017-12-16 04:34:46', 0),
(238, 23, 'a_cup_of_coffee', '2017-12-16 04:35:18', '2017-12-16 04:35:18', 0),
(239, 23, 'a_cup_of_coffee', '2017-12-16 04:35:34', '2017-12-16 04:35:34', 0),
(240, 23, 'a_cup_of_coffee', '2017-12-16 04:35:49', '2017-12-16 04:35:49', 0),
(241, 23, 'a_cup_of_coffee', '2017-12-16 04:35:52', '2017-12-16 04:35:52', 0),
(242, 23, 'a_cup_of_coffee', '2017-12-16 04:36:52', '2017-12-16 04:36:52', 0),
(243, 23, 'a_cup_of_coffee', '2017-12-16 04:37:08', '2017-12-16 04:37:08', 0),
(244, 23, 'a_cup_of_coffee', '2017-12-16 04:38:08', '2017-12-16 04:38:08', 0),
(245, 23, 'a_cup_of_coffee', '2017-12-16 04:39:08', '2017-12-16 04:39:08', 0),
(246, 23, 'a_cup_of_coffee', '2017-12-16 04:39:10', '2017-12-16 04:39:10', 1),
(247, 7, 'a_cup_of_coffee', '2017-12-16 12:08:50', '2017-12-16 12:08:50', 0),
(248, 7, 'watch_movie', '2017-12-16 12:08:50', '2017-12-16 12:08:50', 0),
(249, 7, 'pub', '2017-12-16 12:08:50', '2017-12-16 12:08:50', 0),
(250, 7, 'long_drive', '2017-12-16 12:08:50', '2017-12-16 12:08:50', 0),
(251, 7, 'dinner_or_lunch', '2017-12-16 12:08:50', '2017-12-16 12:08:50', 0),
(252, 7, 'events', '2017-12-16 12:08:50', '2017-12-16 12:08:50', 0),
(253, 7, 'pub', '2017-12-18 03:50:14', '2017-12-18 03:50:14', 0),
(254, 7, 'long_drive', '2017-12-18 03:50:14', '2017-12-18 03:50:14', 0),
(255, 7, 'dinner_or_lunch', '2017-12-18 03:50:14', '2017-12-18 03:50:14', 0),
(256, 7, 'events', '2017-12-18 03:50:14', '2017-12-18 03:50:14', 0),
(257, 7, 'pub', '2017-12-18 03:50:18', '2017-12-18 03:50:18', 0),
(258, 7, 'long_drive', '2017-12-18 03:50:18', '2017-12-18 03:50:18', 0),
(259, 7, 'dinner_or_lunch', '2017-12-18 03:50:18', '2017-12-18 03:50:18', 0),
(260, 7, 'events', '2017-12-18 03:50:18', '2017-12-18 03:50:18', 0),
(261, 7, 'a_cup_of_coffee', '2017-12-18 11:46:19', '2017-12-18 11:46:19', 0),
(262, 7, 'watch_movie', '2017-12-18 11:46:19', '2017-12-18 11:46:19', 0),
(263, 7, 'pub', '2017-12-18 11:46:19', '2017-12-18 11:46:19', 0),
(264, 7, 'long_drive', '2017-12-18 11:46:19', '2017-12-18 11:46:19', 0),
(265, 7, 'dinner_or_lunch', '2017-12-18 11:46:19', '2017-12-18 11:46:19', 0),
(266, 7, 'events', '2017-12-18 11:46:19', '2017-12-18 11:46:19', 0),
(267, 24, 'a_cup_of_coffee', '2017-12-18 16:18:59', '2017-12-18 16:18:59', 0),
(268, 24, 'watch_movie', '2017-12-18 16:18:59', '2017-12-18 16:18:59', 0),
(269, 24, 'long_drive', '2017-12-18 16:18:59', '2017-12-18 16:18:59', 0),
(270, 16, 'a_cup_of_coffee', '2017-12-19 06:27:48', '2017-12-19 06:27:48', 0),
(271, 16, 'a_cup_of_coffee', '2017-12-19 06:28:05', '2017-12-19 06:28:05', 0),
(272, 16, 'a_cup_of_coffee', '2017-12-19 06:29:05', '2017-12-19 06:29:05', 0),
(273, 16, 'a_cup_of_coffee', '2017-12-20 10:55:05', '2017-12-20 10:55:05', 0),
(274, 16, 'watch_movie', '2017-12-20 10:55:05', '2017-12-20 10:55:05', 0),
(275, 16, 'a_cup_of_coffee', '2017-12-20 10:56:05', '2017-12-20 10:56:05', 0),
(276, 16, 'watch_movie', '2017-12-20 10:56:05', '2017-12-20 10:56:05', 0),
(277, 16, 'watch_movie', '2017-12-22 04:23:48', '2017-12-22 04:23:48', 0),
(278, 25, 'a_cup_of_coffee', '2017-12-27 05:33:33', '2017-12-27 05:33:33', 0),
(279, 25, 'watch_movie', '2017-12-27 05:33:33', '2017-12-27 05:33:33', 0),
(280, 25, 'pub', '2017-12-27 05:33:33', '2017-12-27 05:33:33', 0),
(281, 25, 'long_drive', '2017-12-27 05:33:33', '2017-12-27 05:33:33', 0),
(282, 25, 'dinner_or_lunch', '2017-12-27 05:33:33', '2017-12-27 05:33:33', 0),
(283, 25, 'events', '2017-12-27 05:33:33', '2017-12-27 05:33:33', 0),
(284, 37, 'a_cup_of_coffee', '2017-12-27 08:37:18', '2017-12-27 08:37:18', 1),
(285, 37, 'watch_movie', '2017-12-27 08:37:18', '2017-12-27 08:37:18', 1),
(286, 24, 'a_cup_of_coffee', '2017-12-29 05:11:21', '2017-12-29 05:11:21', 0),
(287, 24, 'watch_movie', '2017-12-29 05:11:21', '2017-12-29 05:11:21', 0),
(288, 24, 'pub', '2017-12-29 05:11:21', '2017-12-29 05:11:21', 0),
(289, 24, 'long_drive', '2017-12-29 05:11:21', '2017-12-29 05:11:21', 0),
(290, 16, '', '2018-01-02 06:41:41', '2018-01-02 06:41:41', 1),
(291, 7, '', '2018-01-09 10:02:20', '2018-01-09 10:02:20', 1),
(292, 19, '', '2018-01-09 10:09:00', '2018-01-09 10:09:00', 0),
(293, 19, '', '2018-01-09 10:09:01', '2018-01-09 10:09:01', 0),
(294, 19, '', '2018-01-09 10:09:17', '2018-01-09 10:09:17', 0),
(295, 19, '', '2018-01-09 10:09:32', '2018-01-09 10:09:32', 0),
(296, 25, '', '2018-01-16 11:13:14', '2018-01-16 11:13:14', 0),
(297, 25, '', '2018-01-16 11:14:01', '2018-01-16 11:14:01', 1),
(298, 24, '', '2018-01-19 11:40:39', '2018-01-19 11:40:39', 0),
(299, 24, '', '2018-01-19 12:30:30', '2018-01-19 12:30:30', 0),
(300, 54, '', '2018-01-23 12:14:21', '2018-01-23 12:14:21', 0),
(301, 54, '', '2018-01-23 12:15:12', '2018-01-23 12:15:12', 0),
(302, 54, '', '2018-01-23 12:16:33', '2018-01-23 12:16:33', 0),
(303, 54, '', '2018-01-23 12:21:25', '2018-01-23 12:21:25', 0),
(304, 54, '', '2018-01-23 12:22:25', '2018-01-23 12:22:25', 1),
(305, 18, '', '2018-01-29 12:14:19', '2018-01-29 12:14:19', 0),
(306, 18, '', '2018-01-29 12:15:20', '2018-01-29 12:15:20', 0),
(307, 18, '', '2018-01-29 12:15:28', '2018-01-29 12:15:28', 0),
(308, 18, '', '2018-01-29 12:15:44', '2018-01-29 12:15:44', 0),
(309, 18, '', '2018-01-29 12:16:44', '2018-01-29 12:16:44', 0),
(310, 18, '', '2018-01-29 12:16:59', '2018-01-29 12:16:59', 0),
(311, 18, '', '2018-01-29 12:17:03', '2018-01-29 12:17:03', 0),
(312, 19, '', '2018-01-29 12:17:15', '2018-01-29 12:17:15', 0),
(313, 19, '', '2018-01-29 12:18:26', '2018-01-29 12:18:26', 0),
(314, 18, '', '2018-01-29 12:18:54', '2018-01-29 12:18:54', 1),
(315, 19, '', '2018-01-29 12:31:31', '2018-01-29 12:31:31', 1),
(316, 24, '', '2018-01-30 12:31:42', '2018-01-30 12:31:42', 0),
(317, 24, '', '2018-01-30 12:32:42', '2018-01-30 12:32:42', 0),
(318, 24, '', '2018-02-01 18:48:06', '2018-02-01 18:48:06', 0),
(319, 24, '', '2018-02-01 18:49:06', '2018-02-01 18:49:06', 1),
(320, 51, '', '2018-02-03 03:02:46', '2018-02-03 03:02:46', 1);

-- --------------------------------------------------------

--
-- Table structure for table `user_likes`
--

CREATE TABLE `user_likes` (
  `user_like_id` int(11) NOT NULL,
  `user_id_liked_from` int(11) NOT NULL,
  `user_id_liked_to` int(11) NOT NULL,
  `date_added` timestamp NOT NULL DEFAULT CURRENT_TIMESTAMP,
  `date_updated` timestamp NOT NULL DEFAULT CURRENT_TIMESTAMP,
  `is_active` tinyint(4) NOT NULL DEFAULT '1'
) ENGINE=MyISAM DEFAULT CHARSET=latin1;

--
-- Dumping data for table `user_likes`
--

INSERT INTO `user_likes` (`user_like_id`, `user_id_liked_from`, `user_id_liked_to`, `date_added`, `date_updated`, `is_active`) VALUES
(1, 4, 13, '2017-12-18 08:22:38', '2017-12-18 08:22:38', 1);

-- --------------------------------------------------------

--
-- Table structure for table `user_logged_ins`
--

CREATE TABLE `user_logged_ins` (
  `user_logged_in_id` int(11) NOT NULL,
  `user_id` int(11) NOT NULL,
  `date_logged_in` timestamp NOT NULL DEFAULT CURRENT_TIMESTAMP
) ENGINE=MyISAM DEFAULT CHARSET=latin1;

--
-- Dumping data for table `user_logged_ins`
--

INSERT INTO `user_logged_ins` (`user_logged_in_id`, `user_id`, `date_logged_in`) VALUES
(1, 4, '2017-12-01 06:58:52'),
(2, 5, '2017-12-01 14:51:31'),
(3, 5, '2017-12-03 15:05:40'),
(4, 4, '2017-12-03 15:50:46'),
(5, 4, '2017-12-03 15:54:40'),
(6, 4, '2017-12-03 15:55:26'),
(7, 4, '2017-12-03 15:59:56'),
(8, 4, '2017-12-03 16:00:51'),
(9, 4, '2017-12-04 05:44:49'),
(10, 4, '2017-12-04 05:45:59'),
(11, 4, '2017-12-04 05:46:45'),
(12, 4, '2017-12-04 09:54:01'),
(13, 4, '2017-12-04 10:36:22'),
(14, 4, '2017-12-04 10:36:57'),
(15, 4, '2017-12-04 10:48:42'),
(16, 9, '2017-12-04 11:03:04'),
(17, 4, '2017-12-05 05:51:41'),
(18, 4, '2017-12-05 06:49:44'),
(19, 4, '2017-12-05 06:53:30'),
(20, 4, '2017-12-06 06:25:08'),
(21, 4, '2017-12-09 04:32:09'),
(22, 4, '2017-12-11 05:39:31'),
(23, 4, '2017-12-11 05:48:02'),
(24, 4, '2017-12-11 05:48:35'),
(25, 5, '2017-12-11 07:27:02'),
(26, 4, '2017-12-11 07:33:26'),
(27, 4, '2017-12-11 07:49:41'),
(28, 4, '2017-12-11 07:50:53'),
(29, 4, '2017-12-12 09:36:47'),
(30, 5, '2017-12-12 16:17:04'),
(31, 5, '2017-12-13 05:04:38'),
(32, 5, '2017-12-13 05:10:58'),
(33, 4, '2017-12-13 06:23:12'),
(34, 4, '2017-12-13 06:26:43'),
(35, 4, '2017-12-13 06:32:34'),
(36, 5, '2017-12-13 06:40:10'),
(37, 5, '2017-12-13 07:29:15'),
(38, 4, '2017-12-13 07:47:48'),
(39, 13, '2017-12-14 12:48:09'),
(40, 14, '2017-12-14 12:50:29'),
(41, 14, '2017-12-14 12:54:13'),
(42, 15, '2017-12-14 13:01:35'),
(43, 16, '2017-12-14 13:08:27'),
(44, 7, '2017-12-14 13:09:48'),
(45, 14, '2017-12-14 13:35:13'),
(46, 18, '2017-12-14 14:34:17'),
(47, 19, '2017-12-14 14:37:37'),
(48, 20, '2017-12-14 14:40:08'),
(49, 4, '2017-12-14 15:06:13'),
(50, 21, '2017-12-14 15:07:49'),
(51, 18, '2017-12-14 15:16:17'),
(52, 18, '2017-12-14 15:18:16'),
(53, 19, '2017-12-14 15:19:51'),
(54, 20, '2017-12-14 15:21:56'),
(55, 20, '2017-12-14 15:25:27'),
(56, 20, '2017-12-14 15:26:57'),
(57, 20, '2017-12-14 15:28:46'),
(58, 17, '2017-12-14 15:55:28'),
(59, 14, '2017-12-14 16:02:54'),
(60, 13, '2017-12-14 16:03:39'),
(61, 4, '2017-12-14 12:09:40'),
(62, 4, '2017-12-14 12:10:27'),
(63, 13, '2017-12-14 14:05:02'),
(64, 20, '2017-12-14 16:29:10'),
(65, 7, '2017-12-14 17:15:46'),
(66, 4, '2017-12-15 07:26:05'),
(67, 13, '2017-12-15 09:59:23'),
(68, 14, '2017-12-15 11:25:25'),
(69, 5, '2017-12-15 14:53:59'),
(70, 19, '2017-12-15 17:27:54'),
(71, 4, '2017-12-16 04:06:57'),
(72, 7, '2017-12-16 04:20:59'),
(73, 18, '2017-12-16 04:21:24'),
(74, 16, '2017-12-16 04:26:37'),
(75, 20, '2017-12-16 04:31:45'),
(76, 23, '2017-12-16 04:32:09'),
(77, 23, '2017-12-16 04:39:02'),
(78, 16, '2017-12-16 04:42:30'),
(79, 4, '2017-12-16 04:45:19'),
(80, 4, '2017-12-16 04:46:50'),
(81, 7, '2017-12-16 04:58:37'),
(82, 4, '2017-12-16 05:25:48'),
(83, 4, '2017-12-16 05:30:16'),
(84, 4, '2017-12-16 05:46:54'),
(85, 18, '2017-12-16 05:57:30'),
(86, 18, '2017-12-16 05:58:41'),
(87, 7, '2017-12-16 12:06:53'),
(88, 23, '2017-12-16 12:17:28'),
(89, 7, '2017-12-16 12:21:28'),
(90, 7, '2017-12-18 03:49:29'),
(91, 23, '2017-12-18 03:50:56'),
(92, 4, '2017-12-18 06:37:35'),
(93, 7, '2017-12-18 11:45:21'),
(94, 7, '2017-12-18 11:48:38'),
(95, 5, '2017-12-18 14:04:32'),
(96, 4, '2017-12-18 14:24:24'),
(97, 5, '2017-12-18 14:26:18'),
(98, 4, '2017-12-18 14:28:05'),
(99, 24, '2017-12-18 16:18:02'),
(100, 5, '2017-12-19 05:14:18'),
(101, 4, '2017-12-19 05:14:59'),
(102, 5, '2017-12-19 05:17:02'),
(103, 4, '2017-12-19 05:18:02'),
(104, 16, '2017-12-19 06:02:55'),
(105, 16, '2017-12-19 06:32:24'),
(106, 16, '2017-12-19 06:43:35'),
(107, 13, '2017-12-20 05:55:10'),
(108, 4, '2017-12-20 06:06:46'),
(109, 16, '2017-12-20 10:47:33'),
(110, 16, '2017-12-20 10:49:50'),
(111, 16, '2017-12-20 11:17:15'),
(112, 24, '2017-12-20 11:54:14'),
(113, 7, '2017-12-21 09:57:10'),
(114, 4, '2017-12-21 10:11:27'),
(115, 5, '2017-12-21 10:23:18'),
(116, 7, '2017-12-21 14:21:44'),
(117, 16, '2017-12-22 04:23:09'),
(118, 5, '2017-12-23 17:19:46'),
(119, 5, '2017-12-23 17:19:48'),
(120, 5, '2017-12-24 05:37:55'),
(121, 16, '2017-12-24 06:34:14'),
(122, 7, '2017-12-24 06:38:05'),
(123, 4, '2017-12-26 06:09:12'),
(124, 5, '2017-12-26 09:58:38'),
(125, 13, '2017-12-26 10:40:17'),
(126, 13, '2017-12-26 16:58:58'),
(127, 25, '2017-12-27 05:32:26'),
(128, 4, '2017-12-27 06:36:15'),
(129, 24, '2017-12-27 07:15:12'),
(130, 27, '2017-12-27 07:32:44'),
(131, 7, '2017-12-27 08:35:17'),
(132, 37, '2017-12-27 08:35:52'),
(133, 31, '2017-12-27 09:41:41'),
(134, 31, '2017-12-27 09:43:51'),
(135, 31, '2017-12-27 09:44:44'),
(136, 32, '2017-12-27 09:52:01'),
(137, 33, '2017-12-27 09:52:59'),
(138, 35, '2017-12-27 09:55:02'),
(139, 36, '2017-12-27 09:57:22'),
(140, 42, '2017-12-27 10:01:31'),
(141, 7, '2017-12-27 11:16:56'),
(142, 4, '2017-12-27 11:19:08'),
(143, 5, '2017-12-27 11:58:01'),
(144, 13, '2017-12-27 12:03:09'),
(145, 7, '2017-12-27 12:21:21'),
(146, 4, '2017-12-27 12:25:36'),
(147, 4, '2017-12-27 12:30:36'),
(148, 4, '2017-12-27 12:52:46'),
(149, 25, '2017-12-28 00:54:27'),
(150, 25, '2017-12-28 01:25:21'),
(151, 13, '2017-12-28 07:56:32'),
(152, 4, '2017-12-28 10:16:33'),
(153, 13, '2017-12-29 04:31:06'),
(154, 4, '2017-12-29 04:33:24'),
(155, 4, '2017-12-29 04:55:30'),
(156, 24, '2017-12-29 05:08:42'),
(157, 24, '2017-12-29 05:55:09'),
(158, 24, '2017-12-29 05:55:31'),
(159, 4, '2017-12-29 05:55:56'),
(160, 4, '2017-12-29 06:01:56'),
(161, 7, '2017-12-29 06:07:49'),
(162, 4, '2017-12-29 07:42:24'),
(163, 7, '2017-12-29 11:12:50'),
(164, 13, '2017-12-29 11:56:51'),
(165, 24, '2017-12-29 14:00:09'),
(166, 16, '2018-01-02 04:33:19'),
(167, 16, '2018-01-02 06:30:08'),
(168, 24, '2018-01-02 07:09:05'),
(169, 24, '2018-01-02 07:27:52'),
(170, 23, '2018-01-02 07:30:23'),
(171, 5, '2018-01-02 12:10:24'),
(172, 24, '2018-01-03 06:15:23'),
(173, 13, '2018-01-04 05:11:31'),
(174, 13, '2018-01-04 10:14:49'),
(175, 13, '2018-01-07 14:24:55'),
(176, 7, '2018-01-08 06:07:06'),
(177, 13, '2018-01-08 08:23:24'),
(178, 7, '2018-01-09 10:01:31'),
(179, 18, '2018-01-09 10:01:49'),
(180, 16, '2018-01-09 10:06:40'),
(181, 19, '2018-01-09 10:07:57'),
(182, 5, '2018-01-09 10:28:37'),
(183, 24, '2018-01-16 07:13:19'),
(184, 25, '2018-01-16 11:12:27'),
(185, 24, '2018-01-16 11:15:02'),
(186, 24, '2018-01-16 13:06:53'),
(187, 24, '2018-01-17 11:06:28'),
(188, 7, '2018-01-18 15:32:15'),
(189, 24, '2018-01-19 09:58:33'),
(190, 24, '2018-01-19 10:01:03'),
(191, 24, '2018-01-19 11:39:26'),
(192, 24, '2018-01-19 12:28:38'),
(193, 24, '2018-01-19 12:29:11'),
(194, 24, '2018-01-23 11:51:20'),
(195, 54, '2018-01-23 12:13:42'),
(196, 54, '2018-01-24 06:56:19'),
(197, 24, '2018-01-24 06:59:17'),
(198, 54, '2018-01-24 07:00:16'),
(199, 54, '2018-01-24 08:50:38'),
(200, 54, '2018-01-24 11:41:10'),
(201, 54, '2018-01-24 12:10:08'),
(202, 54, '2018-01-25 11:09:28'),
(203, 54, '2018-01-25 11:09:51'),
(204, 54, '2018-01-25 11:24:59'),
(205, 54, '2018-01-29 06:44:20'),
(206, 54, '2018-01-29 11:14:46'),
(207, 19, '2018-01-29 12:11:46'),
(208, 18, '2018-01-29 12:13:10'),
(209, 18, '2018-01-29 12:17:38'),
(210, 19, '2018-01-29 12:27:55'),
(211, 24, '2018-01-30 08:57:00'),
(212, 24, '2018-01-30 11:36:26'),
(213, 24, '2018-02-01 17:58:41'),
(214, 24, '2018-02-01 18:46:13'),
(215, 24, '2018-02-01 18:46:53'),
(216, 24, '2018-02-02 16:42:51'),
(217, 51, '2018-02-03 03:02:25'),
(218, 24, '2018-02-05 17:38:54'),
(219, 24, '2018-02-07 04:01:15'),
(220, 24, '2018-02-07 09:31:01'),
(221, 24, '2018-02-08 03:08:15'),
(222, 24, '2018-02-08 10:32:46'),
(223, 24, '2018-02-09 06:54:08'),
(224, 16, '2018-02-15 08:19:10'),
(225, 19, '2018-02-18 13:34:22'),
(226, 7, '2018-02-19 09:21:04'),
(227, 13, '2018-03-05 19:10:25'),
(228, 24, '2018-03-21 11:24:48'),
(229, 24, '2018-03-22 05:42:53');

--
-- Indexes for dumped tables
--

--
-- Indexes for table `users`
--
ALTER TABLE `users`
  ADD PRIMARY KEY (`user_id`);

--
-- Indexes for table `user_appoinments`
--
ALTER TABLE `user_appoinments`
  ADD PRIMARY KEY (`user_appoinment_id`);

--
-- Indexes for table `user_intrests`
--
ALTER TABLE `user_intrests`
  ADD PRIMARY KEY (`user_intrest_id`);

--
-- Indexes for table `user_likes`
--
ALTER TABLE `user_likes`
  ADD PRIMARY KEY (`user_like_id`);

--
-- Indexes for table `user_logged_ins`
--
ALTER TABLE `user_logged_ins`
  ADD PRIMARY KEY (`user_logged_in_id`);

--
-- AUTO_INCREMENT for dumped tables
--

--
-- AUTO_INCREMENT for table `users`
--
ALTER TABLE `users`
  MODIFY `user_id` int(11) NOT NULL AUTO_INCREMENT, AUTO_INCREMENT=57;

--
-- AUTO_INCREMENT for table `user_appoinments`
--
ALTER TABLE `user_appoinments`
  MODIFY `user_appoinment_id` int(11) NOT NULL AUTO_INCREMENT, AUTO_INCREMENT=25;

--
-- AUTO_INCREMENT for table `user_intrests`
--
ALTER TABLE `user_intrests`
  MODIFY `user_intrest_id` int(11) NOT NULL AUTO_INCREMENT, AUTO_INCREMENT=321;

--
-- AUTO_INCREMENT for table `user_likes`
--
ALTER TABLE `user_likes`
  MODIFY `user_like_id` int(11) NOT NULL AUTO_INCREMENT, AUTO_INCREMENT=2;

--
-- AUTO_INCREMENT for table `user_logged_ins`
--
ALTER TABLE `user_logged_ins`
  MODIFY `user_logged_in_id` int(11) NOT NULL AUTO_INCREMENT, AUTO_INCREMENT=230;
COMMIT;

/*!40101 SET CHARACTER_SET_CLIENT=@OLD_CHARACTER_SET_CLIENT */;
/*!40101 SET CHARACTER_SET_RESULTS=@OLD_CHARACTER_SET_RESULTS */;
/*!40101 SET COLLATION_CONNECTION=@OLD_COLLATION_CONNECTION */;
